{
  "className": "ParticleEmitter",
  "properties": {
    "Brightness": 3,
    "Color": [{
        "time": 0.0,
        "color": [0.520195, 0.720668, 0.998962]
      }, {
        "time": 1.0,
        "color": [0.520195, 0.720668, 0.998962]
      }],
    "Drag": 1,
    "Lifetime": [0.449999, 0.649999],
    "Rate": 15,
    "RotSpeed": [200, 400],
    "Rotation": [-360, 360],
    "Size": [{
        "time": 0.0,
        "value": 0.0,
        "envelope": 0.0
      }, {
        "time": 0.195122,
        "value": 1.3125,
        "envelope": 1.3125
      }, {
        "time": 1.0,
        "value": 0.0,
        "envelope": 0.0
      }],
    "Speed": [7.5, 11.5],
    "SpreadAngle": [-360, 360],
    "Texture": "rbxassetid://8216841057",
    "ZOffset": 2
  }
}
