{
  "className": "Frame",
  "properties": {
    "BackgroundColor3": [0.294117, 0.380391, 0.462745],
    "BorderSizePixel": 0,
    "Position": [[-0.28897789120674133, 0.0], [0.6060606241226196, 0.0]],
    "Size": [[1.2960518598556519, 0.0], [0.0, 14.0]],
    "ZIndex": 2
  }
}
