{
  "className": "Camera",
  "properties": {
    "CFrame": [17.650928, 34.219493, 229.029495, -0.999681, -0.008455, 0.024067, 0, 0.943485, 0.331444, -0.025507, 0.33134, -0.943186],
    "Focus": [17.616174, 33.740898, 230.391418, 1, 0, 0, 0, 1, 0, 0, 0, 1]
  }
}
