{
  "className": "Camera",
  "properties": {
    "CFrame": [22.880792, 32.18502, 229.416839, 0.432156, 0.526062, -0.732484, 0, 0.812237, 0.583345, 0.901806, -0.252093, 0.351013],
    "Focus": [23.997104, 31.153961, 228.688995, 1, 0, 0, 0, 1, 0, 0, 0, 1]
  }
}
