{
  "className": "ParticleEmitter",
  "properties": {
    "Acceleration": [0, -38.8125, 0],
    "Attributes": {
      "EmitCount": 25
    },
    "Brightness": 4,
    "Color": [{
        "time": 0.0,
        "color": [0.988861, 0.397009, 0.402319]
      }, {
        "time": 1.0,
        "color": [0.988861, 0.397009, 0.402319]
      }],
    "Drag": 6,
    "Lifetime": [0.75, 1],
    "Rate": 0,
    "RotSpeed": [300, 500],
    "Rotation": [-360, 360],
    "Size": [{
        "time": 0.0,
        "value": 0.0,
        "envelope": 0.0
      }, {
        "time": 0.257004,
        "value": 3.00797,
        "envelope": 0.970312
      }, {
        "time": 1.0,
        "value": 0.0,
        "envelope": 0.0
      }],
    "Speed": [62.099998, 108.675003],
    "SpreadAngle": [-90, 90],
    "Texture": "rbxassetid://8030760338",
    "ZOffset": 3.105
  }
}
