{
  "className": "Frame",
  "properties": {
    "BackgroundColor3": [0.239215, 0.286273, 0.294117],
    "BackgroundTransparency": 1,
    "BorderSizePixel": 0,
    "ClipsDescendants": true,
    "Position": [[0.0, 0.0], [0.33000001311302185, 0.0]],
    "Size": [[-0.02992456592619419, 100.0], [0.6700000166893005, -1.0]],
    "ZIndex": 8
  }
}
