{
  "className": "ParticleEmitter",
  "properties": {
    "Brightness": 5,
    "Color": [{
        "time": 0.0,
        "color": [0.250385, 0.469718, 0.998505]
      }, {
        "time": 1.0,
        "color": [0.160449, 0.136049, 0.996323]
      }],
    "Lifetime": [1, 1.549998],
    "Rate": 75,
    "RotSpeed": [200, 600],
    "Rotation": [-360, 360],
    "Size": [{
        "time": 0.0,
        "value": 0.0,
        "envelope": 0.0
      }, {
        "time": 0.134146,
        "value": 1.59375,
        "envelope": 1.08375
      }, {
        "time": 1.0,
        "value": 0.0,
        "envelope": 0.0
      }],
    "Speed": [10.837498, 18.0625],
    "SpreadAngle": [-50, 50],
    "Texture": "rbxassetid://8084996370",
    "ZOffset": 1.445
  }
}
